<?xml version="1.0" encoding="UTF-8"?>
<project-private xmlns="http://www.netbeans.org/ns/project-private/1">
    <editor-bookmarks xmlns="http://www.netbeans.org/ns/editor-bookmarks/2" lastBookmarkId="0"/>
    <open-files xmlns="http://www.netbeans.org/ns/projectui-open-files/2">
        <group>
            <file>file:/C:/Users/ZOOZ-/Downloads/OOP/OOP/src/oop/EX6.java</file>
            <file>file:/C:/Users/ZOOZ-/Downloads/OOP/OOP/src/oop/EX4.java</file>
            <file>file:/C:/Users/ZOOZ-/Downloads/OOP/OOP/src/oop/EX3.java</file>
            <file>file:/C:/Users/ZOOZ-/Downloads/OOP/OOP/src/oop/ooph.java</file>
            <file>file:/C:/Users/ZOOZ-/Downloads/OOP/OOP/src/oop/EX2.java</file>
            <file>file:/C:/Users/ZOOZ-/Downloads/OOP/OOP/src/oop/Guest.java</file>
            <file>file:/C:/Users/ZOOZ-/Downloads/OOP/OOP/src/oop/login.java</file>
            <file>file:/C:/Users/ZOOZ-/Downloads/OOP/OOP/src/oop/SignUp.java</file>
            <file>file:/C:/Users/ZOOZ-/Downloads/OOP/OOP/src/oop/lessonAC.java</file>
            <file>file:/C:/Users/ZOOZ-/Downloads/OOP/OOP/src/oop/EX1.java</file>
            <file>file:/C:/Users/ZOOZ-/Downloads/OOP/OOP/src/oop/EX5.java</file>
        </group>
    </open-files>
</project-private>
